frame,x_0,x_1,x_10,x_11,x_12,x_13,x_14,x_15,x_16,x_17,x_18,x_19,x_2,x_20,x_21,x_22,x_3,x_4,x_5,x_6,x_7,x_8,x_9,y_0,y_1,y_10,y_11,y_12,y_13,y_14,y_15,y_16,y_17,y_18,y_19,y_2,y_20,y_21,y_22,y_3,y_4,y_5,y_6,y_7,y_8,y_9
1,374.0,360.0,175.0,364.0,317.0,270.0,368.0,385.0,348.0,383.0,,,311.0,,,,261.0,257.0,407.0,475.0,532.0,309.0,265.0,593.0,616.0,897.0,744.0,832.0,914.0,584.0,584.0,578.0,587.0,,,610.0,,,,660.0,692.0,616.0,646.0,677.0,736.0,813.0
2,374.0,360.0,175.0,364.0,317.0,270.0,368.0,385.0,348.0,383.0,,,310.0,,,,261.0,257.0,407.0,476.0,531.0,309.0,265.0,593.0,616.0,897.0,744.0,833.0,914.0,584.0,584.0,578.0,586.0,,,610.0,,,,660.0,692.0,616.0,646.0,677.0,736.0,813.0
3,378.0,363.0,177.0,365.0,315.0,265.0,371.0,389.0,349.0,388.0,,,313.0,,,,264.0,263.0,408.0,469.0,535.0,309.0,265.0,612.0,632.0,900.0,752.0,839.0,917.0,601.0,600.0,597.0,599.0,,,623.0,,,,668.0,699.0,630.0,654.0,690.0,741.0,816.0
4,378.0,363.0,177.0,365.0,315.0,265.0,372.0,389.0,350.0,388.0,,,313.0,,,,263.0,263.0,408.0,468.0,535.0,309.0,265.0,612.0,632.0,900.0,752.0,839.0,917.0,601.0,600.0,597.0,600.0,,,623.0,,,,668.0,700.0,630.0,654.0,690.0,741.0,816.0
5,376.0,364.0,170.0,365.0,319.0,263.0,372.0,386.0,351.0,380.0,,,313.0,,,,257.0,275.0,412.0,482.0,534.0,308.0,263.0,631.0,643.0,909.0,769.0,844.0,924.0,618.0,620.0,607.0,608.0,,,641.0,,,,687.0,722.0,643.0,678.0,712.0,755.0,826.0
6,376.0,363.0,170.0,365.0,320.0,264.0,372.0,386.0,351.0,379.0,,,313.0,,,,257.0,275.0,412.0,482.0,533.0,308.0,262.0,631.0,642.0,909.0,769.0,843.0,925.0,618.0,620.0,607.0,608.0,,,641.0,,,,687.0,722.0,643.0,678.0,711.0,755.0,826.0
7,375.0,365.0,167.0,363.0,308.0,264.0,370.0,388.0,351.0,388.0,,,315.0,,,,257.0,274.0,413.0,482.0,527.0,308.0,258.0,641.0,658.0,920.0,784.0,868.0,929.0,633.0,633.0,623.0,634.0,,,654.0,,,,699.0,735.0,659.0,691.0,734.0,772.0,842.0
8,375.0,365.0,167.0,363.0,309.0,308.0,264.0,370.0,388.0,351.0,388.0,,315.0,,,,257.0,273.0,413.0,482.0,527.0,308.0,258.0,641.0,658.0,919.0,784.0,867.0,868.0,929.0,633.0,633.0,623.0,634.0,,654.0,,,,699.0,735.0,659.0,691.0,734.0,772.0,842.0
9,373.0,365.0,167.0,364.0,313.0,261.0,366.0,387.0,349.0,397.0,,,314.0,,,,258.0,287.0,412.0,479.0,519.0,307.0,258.0,647.0,665.0,918.0,784.0,867.0,929.0,638.0,639.0,631.0,637.0,,,658.0,,,,705.0,742.0,666.0,698.0,743.0,773.0,844.0
10,373.0,365.0,167.0,364.0,313.0,261.0,366.0,387.0,349.0,397.0,,,314.0,,,,258.0,287.0,412.0,479.0,518.0,307.0,258.0,647.0,665.0,918.0,784.0,867.0,929.0,638.0,639.0,631.0,637.0,,,658.0,,,,706.0,741.0,666.0,698.0,743.0,773.0,844.0
11,379.0,364.0,166.0,363.0,309.0,260.0,372.0,393.0,351.0,394.0,,,313.0,,,,259.0,282.0,411.0,473.0,512.0,306.0,257.0,658.0,677.0,914.0,792.0,877.0,935.0,648.0,648.0,642.0,647.0,,,668.0,,,,714.0,743.0,675.0,706.0,762.0,780.0,849.0
12,379.0,364.0,166.0,363.0,309.0,260.0,372.0,393.0,351.0,394.0,,,313.0,,,,259.0,282.0,411.0,473.0,512.0,306.0,257.0,658.0,677.0,914.0,791.0,877.0,935.0,648.0,648.0,642.0,647.0,,,668.0,,,,713.0,743.0,675.0,706.0,761.0,779.0,849.0
13,374.0,365.0,163.0,365.0,314.0,262.0,368.0,390.0,352.0,396.0,,,313.0,,,,263.0,283.0,415.0,476.0,508.0,306.0,254.0,661.0,681.0,912.0,798.0,876.0,932.0,651.0,652.0,644.0,648.0,,,670.0,,,,710.0,737.0,683.0,716.0,771.0,783.0,845.0
14,374.0,365.0,163.0,365.0,313.0,262.0,368.0,390.0,352.0,396.0,,,314.0,,,,263.0,282.0,415.0,476.0,508.0,306.0,254.0,661.0,681.0,911.0,798.0,876.0,931.0,651.0,651.0,644.0,648.0,,,670.0,,,,710.0,737.0,683.0,716.0,771.0,784.0,846.0
15,387.0,362.0,162.0,363.0,345.0,268.0,383.0,396.0,356.0,386.0,,,308.0,,,,254.0,277.0,412.0,465.0,501.0,302.0,257.0,664.0,684.0,907.0,795.0,846.0,921.0,653.0,653.0,646.0,652.0,,,676.0,,,,721.0,757.0,686.0,724.0,780.0,785.0,843.0
16,387.0,362.0,162.0,363.0,346.0,345.0,268.0,383.0,396.0,356.0,386.0,,307.0,,,,254.0,277.0,412.0,465.0,501.0,302.0,257.0,664.0,684.0,908.0,795.0,845.0,846.0,921.0,653.0,653.0,646.0,652.0,,676.0,,,,721.0,757.0,686.0,724.0,780.0,785.0,843.0
17,373.0,365.0,249.0,159.0,363.0,311.0,253.0,367.0,388.0,352.0,396.0,,314.0,,,,258.0,278.0,414.0,469.0,500.0,305.0,250.0,669.0,686.0,854.0,909.0,801.0,882.0,930.0,656.0,658.0,649.0,653.0,,677.0,,,,711.0,737.0,691.0,733.0,783.0,786.0,853.0
18,373.0,365.0,158.0,363.0,310.0,253.0,367.0,388.0,352.0,396.0,,,314.0,,,,258.0,278.0,414.0,469.0,500.0,305.0,249.0,669.0,686.0,909.0,801.0,882.0,930.0,656.0,658.0,648.0,653.0,,,677.0,,,,711.0,737.0,691.0,733.0,783.0,786.0,854.0
19,378.0,362.0,152.0,361.0,318.0,317.0,263.0,374.0,389.0,354.0,388.0,,315.0,,,,257.0,264.0,408.0,460.0,493.0,304.0,256.0,670.0,687.0,912.0,795.0,874.0,875.0,920.0,659.0,660.0,651.0,652.0,,679.0,,,,705.0,750.0,691.0,729.0,781.0,783.0,846.0
20,378.0,362.0,151.0,361.0,317.0,262.0,374.0,389.0,354.0,388.0,,,315.0,,,,257.0,264.0,408.0,460.0,493.0,304.0,256.0,670.0,687.0,912.0,795.0,875.0,920.0,659.0,660.0,651.0,652.0,,,679.0,,,,706.0,750.0,691.0,729.0,781.0,783.0,847.0
21,377.0,362.0,164.0,366.0,348.0,281.0,371.0,389.0,353.0,394.0,,,314.0,,,,256.0,263.0,410.0,460.0,490.0,301.0,256.0,670.0,686.0,908.0,789.0,841.0,909.0,659.0,660.0,651.0,654.0,,,678.0,,,,702.0,746.0,689.0,730.0,781.0,778.0,831.0
22,377.0,362.0,163.0,366.0,348.0,281.0,280.0,371.0,389.0,353.0,394.0,,314.0,,,,256.0,264.0,410.0,460.0,490.0,302.0,256.0,670.0,686.0,909.0,790.0,841.0,908.0,909.0,659.0,660.0,651.0,654.0,,678.0,,,,703.0,746.0,689.0,730.0,781.0,778.0,831.0
23,370.0,367.0,143.0,371.0,316.0,258.0,363.0,383.0,348.0,396.0,,,318.0,,,,264.0,264.0,415.0,463.0,490.0,308.0,250.0,670.0,685.0,912.0,793.0,876.0,917.0,657.0,659.0,651.0,652.0,,,675.0,,,,698.0,734.0,690.0,732.0,786.0,780.0,845.0
24,370.0,367.0,143.0,371.0,316.0,258.0,363.0,383.0,348.0,396.0,,,318.0,,,,264.0,263.0,415.0,463.0,490.0,308.0,250.0,670.0,685.0,912.0,793.0,875.0,918.0,657.0,659.0,651.0,652.0,,,675.0,,,,698.0,734.0,690.0,733.0,787.0,780.0,845.0
25,370.0,365.0,147.0,365.0,326.0,246.0,364.0,382.0,348.0,394.0,,,316.0,,,,263.0,272.0,413.0,461.0,487.0,306.0,260.0,662.0,680.0,903.0,794.0,869.0,916.0,652.0,651.0,647.0,647.0,,,668.0,,,,698.0,736.0,683.0,726.0,781.0,782.0,850.0
26,370.0,365.0,147.0,365.0,327.0,248.0,364.0,382.0,348.0,394.0,,,316.0,,,,263.0,272.0,412.0,461.0,487.0,306.0,261.0,661.0,679.0,903.0,793.0,869.0,915.0,652.0,651.0,647.0,647.0,,,668.0,,,,698.0,737.0,683.0,725.0,781.0,782.0,850.0
27,369.0,364.0,126.0,363.0,316.0,235.0,362.0,381.0,345.0,394.0,,,314.0,,,,266.0,274.0,412.0,460.0,489.0,306.0,272.0,658.0,675.0,902.0,790.0,874.0,912.0,648.0,648.0,643.0,644.0,,,663.0,,,,697.0,738.0,679.0,719.0,779.0,779.0,854.0
28,369.0,364.0,127.0,363.0,317.0,235.0,362.0,381.0,345.0,394.0,,,314.0,,,,266.0,275.0,412.0,460.0,489.0,306.0,272.0,658.0,675.0,902.0,790.0,874.0,912.0,648.0,648.0,643.0,644.0,,,663.0,,,,697.0,738.0,678.0,719.0,779.0,779.0,854.0
29,372.0,363.0,193.0,368.0,326.0,261.0,365.0,383.0,348.0,393.0,,,312.0,,,,264.0,277.0,412.0,457.0,487.0,310.0,292.0,642.0,657.0,887.0,773.0,851.0,900.0,633.0,634.0,626.0,629.0,,,654.0,,,,697.0,747.0,661.0,707.0,764.0,761.0,830.0
30,372.0,364.0,193.0,368.0,326.0,260.0,365.0,382.0,348.0,393.0,,,312.0,,,,264.0,277.0,412.0,458.0,487.0,310.0,291.0,642.0,657.0,888.0,774.0,852.0,900.0,633.0,634.0,626.0,629.0,,,654.0,,,,697.0,747.0,661.0,707.0,764.0,761.0,830.0
31,368.0,364.0,289.0,218.0,373.0,353.0,302.0,361.0,379.0,344.0,393.0,,312.0,,,,263.0,270.0,414.0,461.0,489.0,490.0,311.0,639.0,652.0,821.0,886.0,765.0,835.0,894.0,628.0,630.0,618.0,620.0,,650.0,,,,691.0,730.0,656.0,704.0,755.0,756.0,756.0
32,368.0,364.0,218.0,373.0,353.0,302.0,361.0,379.0,344.0,393.0,,,312.0,,,,263.0,270.0,414.0,461.0,490.0,311.0,289.0,639.0,652.0,886.0,765.0,835.0,894.0,628.0,630.0,617.0,620.0,,,650.0,,,,692.0,730.0,656.0,704.0,755.0,756.0,821.0
33,382.0,361.0,259.0,374.0,382.0,381.0,324.0,374.0,389.0,350.0,391.0,,307.0,,,,261.0,278.0,414.0,461.0,487.0,310.0,299.0,623.0,640.0,866.0,749.0,791.0,792.0,887.0,611.0,609.0,603.0,604.0,,640.0,,,,689.0,727.0,639.0,680.0,738.0,747.0,802.0
34,382.0,361.0,260.0,374.0,373.0,382.0,324.0,374.0,389.0,350.0,390.0,,307.0,,,,261.0,278.0,414.0,461.0,487.0,310.0,299.0,623.0,640.0,865.0,749.0,750.0,791.0,886.0,611.0,609.0,603.0,604.0,,640.0,,,,689.0,727.0,639.0,680.0,738.0,747.0,802.0
35,379.0,363.0,247.0,380.0,381.0,336.0,369.0,389.0,345.0,401.0,,,306.0,,,,260.0,281.0,416.0,464.0,495.0,313.0,309.0,613.0,631.0,875.0,738.0,794.0,889.0,602.0,600.0,597.0,598.0,,,629.0,,,,676.0,724.0,627.0,665.0,726.0,734.0,792.0
36,379.0,363.0,247.0,380.0,381.0,336.0,369.0,389.0,345.0,401.0,,,306.0,,,,260.0,281.0,416.0,465.0,495.0,312.0,309.0,614.0,631.0,875.0,738.0,793.0,889.0,602.0,600.0,597.0,598.0,,,630.0,,,,675.0,724.0,627.0,665.0,726.0,734.0,792.0
37,379.0,363.0,247.0,380.0,381.0,336.0,369.0,389.0,345.0,401.0,,,306.0,,,,260.0,281.0,416.0,464.0,495.0,313.0,309.0,613.0,631.0,875.0,738.0,793.0,889.0,602.0,600.0,597.0,598.0,,,630.0,,,,676.0,724.0,627.0,665.0,726.0,734.0,792.0
38,370.0,359.0,248.0,390.0,386.0,360.0,360.0,379.0,336.0,388.0,,,303.0,,,,258.0,271.0,409.0,461.0,498.0,323.0,323.0,592.0,609.0,882.0,728.0,782.0,879.0,582.0,581.0,578.0,575.0,,,612.0,,,,655.0,695.0,605.0,644.0,698.0,729.0,790.0
39,363.0,352.0,262.0,385.0,394.0,360.0,353.0,370.0,322.0,374.0,,,293.0,,,,241.0,266.0,401.0,454.0,497.0,320.0,330.0,580.0,592.0,871.0,707.0,763.0,871.0,566.0,565.0,558.0,559.0,,,593.0,,,,639.0,675.0,590.0,622.0,681.0,710.0,776.0
40,363.0,352.0,262.0,385.0,394.0,360.0,353.0,370.0,322.0,374.0,,,293.0,,,,242.0,266.0,401.0,454.0,497.0,320.0,330.0,580.0,592.0,870.0,707.0,763.0,872.0,566.0,565.0,558.0,559.0,,,593.0,,,,638.0,675.0,589.0,622.0,681.0,710.0,776.0
41,353.0,349.0,302.0,390.0,396.0,365.0,344.0,361.0,323.0,375.0,,,295.0,,,,247.0,245.0,399.0,451.0,489.0,325.0,335.0,561.0,574.0,849.0,692.0,763.0,866.0,552.0,551.0,549.0,545.0,,,575.0,,,,610.0,650.0,570.0,600.0,651.0,694.0,767.0
42,353.0,349.0,302.0,391.0,396.0,365.0,345.0,361.0,323.0,375.0,,,295.0,,,,247.0,245.0,399.0,451.0,489.0,326.0,335.0,561.0,574.0,849.0,692.0,763.0,866.0,552.0,551.0,549.0,545.0,,,575.0,,,,611.0,650.0,570.0,600.0,651.0,694.0,766.0
43,352.0,340.0,307.0,382.0,396.0,371.0,341.0,359.0,313.0,372.0,,,283.0,,,,226.0,215.0,391.0,445.0,487.0,319.0,336.0,547.0,553.0,848.0,670.0,750.0,855.0,538.0,535.0,532.0,525.0,,,557.0,,,,595.0,629.0,547.0,586.0,637.0,680.0,752.0
44,352.0,340.0,307.0,382.0,396.0,371.0,341.0,359.0,313.0,372.0,,,283.0,,,,226.0,215.0,391.0,445.0,487.0,319.0,336.0,547.0,553.0,848.0,670.0,750.0,855.0,538.0,535.0,532.0,525.0,,,557.0,,,,595.0,629.0,547.0,586.0,637.0,680.0,752.0
45,338.0,334.0,309.0,381.0,398.0,386.0,327.0,349.0,308.0,355.0,,,277.0,,,,222.0,203.0,386.0,441.0,494.0,316.0,332.0,536.0,541.0,860.0,662.0,737.0,848.0,523.0,521.0,515.0,510.0,,,545.0,,,,581.0,626.0,538.0,577.0,625.0,673.0,747.0
46,337.0,335.0,309.0,382.0,398.0,387.0,327.0,349.0,308.0,355.0,,,277.0,,,,222.0,203.0,386.0,441.0,494.0,316.0,332.0,536.0,541.0,860.0,662.0,738.0,848.0,523.0,521.0,515.0,510.0,,,545.0,,,,581.0,626.0,538.0,577.0,625.0,673.0,747.0
47,337.0,334.0,309.0,382.0,398.0,387.0,327.0,349.0,308.0,355.0,,,277.0,,,,222.0,203.0,386.0,441.0,494.0,316.0,332.0,536.0,541.0,860.0,662.0,738.0,848.0,523.0,521.0,515.0,510.0,,,545.0,,,,581.0,626.0,538.0,577.0,625.0,673.0,747.0
48,332.0,324.0,322.0,379.0,399.0,399.0,321.0,344.0,301.0,346.0,,,269.0,,,,217.0,194.0,378.0,434.0,484.0,315.0,332.0,528.0,536.0,851.0,654.0,732.0,847.0,515.0,512.0,510.0,504.0,,,543.0,,,,581.0,634.0,528.0,564.0,609.0,667.0,747.0
49,332.0,322.0,346.0,376.0,404.0,413.0,321.0,344.0,299.0,350.0,,,267.0,,,,213.0,190.0,379.0,428.0,471.0,312.0,337.0,514.0,525.0,845.0,643.0,728.0,844.0,505.0,501.0,501.0,490.0,,,529.0,,,,570.0,628.0,516.0,560.0,597.0,654.0,743.0
50,332.0,322.0,346.0,376.0,404.0,413.0,321.0,344.0,299.0,350.0,,,267.0,,,,213.0,190.0,379.0,428.0,471.0,312.0,337.0,514.0,525.0,845.0,643.0,728.0,844.0,505.0,501.0,501.0,490.0,,,529.0,,,,570.0,628.0,516.0,560.0,597.0,655.0,743.0
51,323.0,316.0,356.0,373.0,406.0,433.0,311.0,335.0,286.0,348.0,,,261.0,,,,207.0,187.0,373.0,425.0,468.0,311.0,337.0,507.0,520.0,842.0,640.0,726.0,841.0,498.0,495.0,494.0,483.0,,,527.0,,,,572.0,628.0,510.0,555.0,591.0,653.0,742.0
52,324.0,316.0,356.0,373.0,406.0,433.0,312.0,336.0,286.0,348.0,,,261.0,,,,207.0,187.0,373.0,425.0,468.0,311.0,337.0,507.0,520.0,842.0,640.0,726.0,841.0,498.0,495.0,495.0,483.0,,,526.0,,,,572.0,628.0,510.0,555.0,591.0,653.0,742.0
53,324.0,309.0,369.0,370.0,409.0,449.0,311.0,333.0,285.0,343.0,,,253.0,,,,203.0,186.0,363.0,420.0,463.0,309.0,345.0,501.0,512.0,848.0,640.0,730.0,844.0,492.0,488.0,488.0,476.0,,,521.0,,,,569.0,632.0,503.0,547.0,582.0,656.0,751.0
54,324.0,309.0,369.0,370.0,409.0,449.0,311.0,333.0,285.0,343.0,,,253.0,,,,203.0,186.0,364.0,420.0,464.0,309.0,345.0,501.0,512.0,848.0,641.0,730.0,844.0,492.0,488.0,488.0,476.0,,,521.0,,,,569.0,632.0,503.0,547.0,583.0,656.0,751.0
55,313.0,299.0,389.0,363.0,406.0,461.0,302.0,320.0,273.0,322.0,323.0,,240.0,,,,194.0,181.0,354.0,411.0,457.0,301.0,346.0,497.0,509.0,845.0,639.0,727.0,842.0,487.0,483.0,480.0,472.0,473.0,,521.0,,,,576.0,632.0,498.0,539.0,575.0,657.0,744.0
56,313.0,299.0,389.0,363.0,406.0,460.0,302.0,320.0,272.0,322.0,,,240.0,,,,194.0,181.0,354.0,411.0,457.0,301.0,346.0,497.0,509.0,844.0,639.0,727.0,842.0,487.0,483.0,481.0,472.0,,,521.0,,,,576.0,632.0,498.0,539.0,575.0,657.0,744.0
57,309.0,292.0,400.0,359.0,408.0,478.0,297.0,315.0,267.0,317.0,,,233.0,,,,189.0,176.0,348.0,405.0,453.0,296.0,350.0,498.0,509.0,845.0,641.0,732.0,837.0,489.0,483.0,483.0,472.0,,,522.0,,,,577.0,627.0,497.0,536.0,569.0,662.0,750.0
58,309.0,292.0,400.0,359.0,408.0,478.0,297.0,315.0,267.0,317.0,,,233.0,,,,189.0,176.0,348.0,405.0,453.0,296.0,350.0,498.0,509.0,845.0,641.0,732.0,837.0,489.0,483.0,483.0,472.0,,,522.0,,,,577.0,627.0,497.0,536.0,569.0,662.0,750.0
59,302.0,290.0,427.0,361.0,412.0,500.0,288.0,309.0,263.0,318.0,,,233.0,,,,191.0,177.0,345.0,399.0,447.0,301.0,357.0,499.0,515.0,856.0,644.0,738.0,841.0,490.0,486.0,488.0,478.0,,,529.0,,,,578.0,631.0,502.0,538.0,568.0,670.0,770.0
60,302.0,289.0,428.0,361.0,413.0,501.0,288.0,309.0,263.0,318.0,,,233.0,,,,191.0,177.0,345.0,399.0,447.0,301.0,357.0,499.0,515.0,856.0,644.0,739.0,842.0,490.0,486.0,488.0,478.0,,,529.0,,,,578.0,631.0,502.0,538.0,568.0,671.0,771.0
61,299.0,283.0,433.0,358.0,414.0,505.0,285.0,306.0,260.0,311.0,,,231.0,,,,188.0,174.0,337.0,396.0,446.0,299.0,360.0,504.0,520.0,852.0,645.0,737.0,837.0,496.0,491.0,497.0,484.0,,,538.0,,,,580.0,633.0,507.0,542.0,569.0,674.0,769.0
62,298.0,283.0,433.0,358.0,413.0,505.0,285.0,306.0,260.0,311.0,,,231.0,,,,188.0,174.0,337.0,396.0,446.0,299.0,360.0,504.0,520.0,852.0,645.0,737.0,837.0,496.0,491.0,497.0,484.0,,,538.0,,,,580.0,633.0,507.0,542.0,569.0,674.0,769.0
63,292.0,280.0,452.0,360.0,426.0,510.0,280.0,301.0,259.0,298.0,,,226.0,,,,183.0,170.0,336.0,395.0,444.0,302.0,377.0,518.0,527.0,859.0,654.0,746.0,833.0,508.0,502.0,505.0,497.0,,,545.0,,,,585.0,637.0,511.0,549.0,576.0,686.0,789.0
64,292.0,280.0,452.0,360.0,426.0,510.0,280.0,301.0,259.0,298.0,,,226.0,,,,183.0,170.0,336.0,395.0,444.0,302.0,377.0,518.0,527.0,858.0,654.0,746.0,833.0,508.0,502.0,505.0,497.0,,,545.0,,,,585.0,637.0,511.0,549.0,576.0,686.0,789.0
65,293.0,281.0,448.0,365.0,427.0,516.0,279.0,299.0,257.0,296.0,,,223.0,,,,180.0,172.0,340.0,397.0,445.0,306.0,374.0,527.0,541.0,847.0,665.0,744.0,827.0,515.0,509.0,512.0,503.0,,,554.0,,,,603.0,649.0,520.0,552.0,580.0,695.0,785.0
66,292.0,281.0,448.0,365.0,427.0,516.0,278.0,299.0,257.0,256.0,296.0,,223.0,,,,180.0,172.0,340.0,397.0,445.0,306.0,375.0,527.0,541.0,847.0,665.0,744.0,827.0,515.0,509.0,511.0,512.0,503.0,,554.0,,,,602.0,649.0,520.0,552.0,580.0,695.0,785.0
67,292.0,281.0,449.0,366.0,427.0,519.0,277.0,298.0,254.0,299.0,,,226.0,,,,181.0,171.0,334.0,390.0,436.0,309.0,374.0,537.0,550.0,846.0,672.0,744.0,821.0,526.0,520.0,524.0,512.0,,,565.0,,,,616.0,654.0,534.0,554.0,577.0,702.0,784.0
68,292.0,282.0,449.0,366.0,427.0,519.0,277.0,298.0,255.0,299.0,,,226.0,,,,181.0,171.0,334.0,390.0,436.0,309.0,374.0,537.0,550.0,846.0,673.0,744.0,821.0,526.0,520.0,524.0,512.0,,,565.0,,,,616.0,654.0,534.0,554.0,577.0,702.0,784.0
69,286.0,283.0,447.0,367.0,426.0,518.0,272.0,294.0,253.0,301.0,,,229.0,,,,184.0,171.0,333.0,389.0,430.0,309.0,375.0,549.0,558.0,841.0,680.0,742.0,812.0,542.0,536.0,542.0,524.0,,,580.0,,,,623.0,665.0,544.0,562.0,585.0,707.0,779.0
70,286.0,283.0,447.0,367.0,426.0,518.0,272.0,294.0,253.0,301.0,,,229.0,,,,184.0,171.0,333.0,389.0,430.0,309.0,375.0,549.0,558.0,841.0,680.0,742.0,813.0,542.0,536.0,542.0,524.0,,,580.0,,,,623.0,665.0,544.0,562.0,585.0,707.0,779.0
71,288.0,284.0,440.0,368.0,419.0,420.0,519.0,275.0,296.0,255.0,300.0,,231.0,,,,184.0,171.0,334.0,396.0,431.0,310.0,376.0,553.0,568.0,838.0,688.0,744.0,745.0,809.0,547.0,541.0,549.0,537.0,,591.0,,,,627.0,677.0,551.0,567.0,586.0,715.0,776.0
72,288.0,284.0,440.0,368.0,420.0,519.0,275.0,296.0,255.0,300.0,,,231.0,,,,184.0,171.0,334.0,396.0,431.0,310.0,376.0,553.0,568.0,838.0,688.0,745.0,809.0,547.0,541.0,549.0,537.0,,,591.0,,,,628.0,677.0,551.0,567.0,586.0,716.0,776.0
73,291.0,285.0,439.0,371.0,421.0,519.0,279.0,299.0,259.0,299.0,,,234.0,,,,187.0,173.0,333.0,396.0,429.0,312.0,386.0,558.0,572.0,840.0,693.0,745.0,811.0,551.0,546.0,553.0,544.0,,,592.0,,,,633.0,682.0,555.0,581.0,591.0,723.0,779.0
74,291.0,285.0,439.0,371.0,421.0,520.0,279.0,299.0,259.0,299.0,,,234.0,,,,187.0,173.0,334.0,396.0,430.0,312.0,386.0,558.0,572.0,840.0,693.0,745.0,812.0,551.0,546.0,553.0,544.0,,,592.0,,,,633.0,682.0,555.0,581.0,591.0,723.0,779.0
75,298.0,284.0,426.0,369.0,418.0,671.0,517.0,286.0,301.0,259.0,289.0,,230.0,,,,178.0,173.0,331.0,397.0,424.0,311.0,381.0,570.0,586.0,842.0,697.0,753.0,796.0,809.0,561.0,554.0,560.0,553.0,,602.0,,,,647.0,696.0,563.0,586.0,594.0,734.0,789.0
76,298.0,284.0,426.0,369.0,418.0,671.0,517.0,286.0,302.0,259.0,289.0,,230.0,,,,179.0,173.0,332.0,397.0,424.0,311.0,381.0,570.0,586.0,842.0,697.0,753.0,796.0,809.0,561.0,554.0,560.0,553.0,,602.0,,,,647.0,696.0,563.0,586.0,594.0,734.0,789.0
77,298.0,286.0,423.0,372.0,422.0,423.0,516.0,285.0,303.0,258.0,303.0,,230.0,,,,179.0,174.0,334.0,406.0,420.0,312.0,376.0,572.0,590.0,841.0,702.0,753.0,754.0,804.0,562.0,556.0,562.0,557.0,,605.0,,,,651.0,700.0,568.0,590.0,596.0,736.0,790.0
78,298.0,286.0,423.0,372.0,422.0,423.0,516.0,285.0,303.0,258.0,303.0,,230.0,,,,179.0,174.0,334.0,406.0,420.0,312.0,376.0,572.0,590.0,841.0,702.0,753.0,754.0,804.0,562.0,556.0,562.0,557.0,,605.0,,,,651.0,700.0,568.0,590.0,596.0,736.0,790.0
79,303.0,294.0,366.0,420.0,376.0,424.0,487.0,290.0,307.0,262.0,304.0,,233.0,,,,182.0,175.0,343.0,411.0,420.0,313.0,365.0,575.0,592.0,789.0,844.0,702.0,758.0,814.0,565.0,558.0,564.0,555.0,,605.0,,,,651.0,703.0,569.0,592.0,598.0,736.0,788.0
80,303.0,294.0,420.0,376.0,424.0,488.0,290.0,307.0,262.0,304.0,,,233.0,,,,182.0,175.0,343.0,410.0,420.0,313.0,366.0,575.0,592.0,844.0,702.0,758.0,813.0,565.0,558.0,564.0,555.0,,,606.0,,,,651.0,703.0,570.0,592.0,598.0,736.0,789.0
81,305.0,300.0,420.0,374.0,415.0,534.0,293.0,307.0,266.0,310.0,,,246.0,,,,187.0,174.0,346.0,409.0,426.0,314.0,354.0,576.0,596.0,840.0,704.0,748.0,795.0,569.0,560.0,570.0,556.0,,,608.0,,,,649.0,692.0,576.0,593.0,600.0,737.0,786.0
82,305.0,300.0,419.0,374.0,415.0,534.0,293.0,308.0,266.0,310.0,,,246.0,,,,187.0,174.0,346.0,409.0,427.0,314.0,354.0,576.0,596.0,840.0,704.0,748.0,795.0,569.0,560.0,570.0,556.0,,,608.0,,,,649.0,692.0,576.0,593.0,600.0,738.0,786.0
83,305.0,300.0,354.0,420.0,374.0,415.0,534.0,293.0,308.0,266.0,310.0,,246.0,,,,187.0,174.0,346.0,409.0,426.0,314.0,353.0,577.0,596.0,786.0,840.0,704.0,748.0,795.0,569.0,560.0,570.0,556.0,,608.0,,,,649.0,692.0,576.0,593.0,600.0,737.0,785.0
84,302.0,299.0,412.0,370.0,414.0,415.0,482.0,289.0,306.0,264.0,314.0,,246.0,,,,193.0,176.0,344.0,404.0,419.0,313.0,346.0,579.0,595.0,841.0,697.0,752.0,753.0,802.0,568.0,562.0,568.0,556.0,,607.0,,,,651.0,691.0,576.0,592.0,596.0,732.0,790.0
85,302.0,304.0,664.0,402.0,374.0,420.0,421.0,671.0,601.0,436.0,289.0,306.0,254.0,266.0,313.0,,197.0,177.0,350.0,413.0,426.0,315.0,345.0,580.0,594.0,789.0,831.0,696.0,767.0,768.0,781.0,785.0,798.0,570.0,563.0,605.0,570.0,554.0,,647.0,685.0,576.0,590.0,593.0,726.0,788.0
86,302.0,304.0,346.0,664.0,402.0,374.0,420.0,421.0,671.0,600.0,436.0,289.0,254.0,306.0,266.0,313.0,197.0,177.0,350.0,413.0,426.0,315.0,345.0,580.0,594.0,789.0,789.0,831.0,696.0,767.0,768.0,781.0,785.0,798.0,570.0,605.0,563.0,570.0,554.0,647.0,685.0,576.0,590.0,593.0,726.0,788.0
87,303.0,304.0,347.0,664.0,403.0,375.0,422.0,671.0,601.0,437.0,289.0,306.0,254.0,266.0,313.0,,197.0,177.0,350.0,413.0,426.0,316.0,346.0,579.0,594.0,790.0,789.0,831.0,697.0,769.0,781.0,784.0,799.0,570.0,562.0,605.0,569.0,554.0,,647.0,685.0,576.0,589.0,593.0,727.0,789.0
88,303.0,306.0,378.0,371.0,380.0,410.0,292.0,307.0,269.0,315.0,,,258.0,,,,203.0,176.0,352.0,408.0,414.0,315.0,304.0,578.0,590.0,809.0,686.0,688.0,778.0,566.0,560.0,567.0,551.0,,,599.0,,,,639.0,681.0,575.0,586.0,585.0,709.0,757.0
89,303.0,306.0,378.0,371.0,380.0,410.0,292.0,307.0,269.0,315.0,,,258.0,,,,203.0,176.0,352.0,408.0,414.0,315.0,304.0,578.0,590.0,809.0,686.0,688.0,778.0,566.0,560.0,567.0,551.0,,,599.0,,,,640.0,681.0,575.0,587.0,585.0,709.0,757.0
90,312.0,305.0,337.0,372.0,457.0,458.0,404.0,265.0,301.0,313.0,277.0,321.0,250.0,,,,197.0,175.0,356.0,415.0,424.0,308.0,302.0,571.0,581.0,818.0,698.0,796.0,797.0,777.0,858.0,560.0,554.0,558.0,548.0,593.0,,,,637.0,675.0,562.0,574.0,578.0,714.0,746.0
91,297.0,309.0,342.0,377.0,377.0,378.0,430.0,431.0,243.0,283.0,305.0,268.0,254.0,324.0,,,201.0,177.0,360.0,421.0,430.0,314.0,282.0,566.0,570.0,817.0,682.0,684.0,685.0,775.0,776.0,854.0,554.0,552.0,554.0,582.0,538.0,,,623.0,663.0,560.0,577.0,588.0,694.0,725.0
92,297.0,309.0,342.0,377.0,378.0,430.0,431.0,243.0,283.0,305.0,268.0,324.0,254.0,,,,201.0,177.0,360.0,421.0,430.0,314.0,282.0,566.0,570.0,817.0,682.0,685.0,775.0,776.0,854.0,554.0,552.0,554.0,538.0,582.0,,,,623.0,663.0,560.0,577.0,588.0,694.0,725.0
93,294.0,311.0,334.0,389.0,354.0,489.0,342.0,282.0,304.0,267.0,323.0,,256.0,,,,197.0,180.0,361.0,434.0,442.0,317.0,269.0,547.0,553.0,816.0,670.0,675.0,767.0,791.0,539.0,535.0,536.0,519.0,,563.0,,,,602.0,642.0,543.0,561.0,579.0,673.0,691.0
94,294.0,311.0,334.0,389.0,354.0,490.0,342.0,282.0,304.0,267.0,323.0,,256.0,,,,197.0,180.0,361.0,434.0,442.0,317.0,269.0,547.0,553.0,816.0,670.0,675.0,767.0,791.0,539.0,535.0,536.0,519.0,,563.0,,,,602.0,642.0,543.0,561.0,579.0,673.0,691.0
95,304.0,313.0,328.0,385.0,286.0,339.0,294.0,312.0,278.0,323.0,,,254.0,,,,196.0,177.0,367.0,436.0,454.0,310.0,270.0,535.0,542.0,797.0,655.0,685.0,791.0,518.0,515.0,511.0,503.0,,,548.0,,,,586.0,633.0,529.0,561.0,580.0,659.0,687.0
96,304.0,313.0,328.0,385.0,286.0,339.0,294.0,312.0,278.0,323.0,,,255.0,,,,197.0,177.0,367.0,436.0,454.0,310.0,270.0,535.0,542.0,797.0,655.0,685.0,791.0,518.0,515.0,511.0,503.0,,,548.0,,,,586.0,633.0,529.0,561.0,580.0,659.0,687.0
97,296.0,316.0,319.0,382.0,337.0,399.0,287.0,304.0,275.0,325.0,,,257.0,,,,201.0,184.0,367.0,430.0,451.0,311.0,271.0,504.0,515.0,796.0,609.0,670.0,772.0,496.0,495.0,492.0,480.0,,,522.0,,,,572.0,617.0,505.0,552.0,546.0,625.0,675.0
98,296.0,316.0,319.0,382.0,337.0,399.0,286.0,303.0,275.0,325.0,,,257.0,,,,201.0,184.0,367.0,430.0,451.0,311.0,271.0,504.0,515.0,796.0,609.0,670.0,772.0,496.0,495.0,492.0,480.0,,,522.0,,,,572.0,617.0,505.0,552.0,546.0,625.0,674.0
99,321.0,318.0,311.0,363.0,342.0,390.0,314.0,332.0,293.0,335.0,,,258.0,,,,211.0,193.0,375.0,429.0,466.0,292.0,276.0,484.0,496.0,790.0,601.0,675.0,759.0,471.0,471.0,463.0,463.0,,,501.0,,,,538.0,589.0,489.0,539.0,518.0,608.0,675.0
100,321.0,318.0,311.0,363.0,342.0,390.0,314.0,332.0,294.0,335.0,,,258.0,,,,211.0,193.0,375.0,429.0,465.0,292.0,276.0,485.0,496.0,790.0,602.0,675.0,759.0,471.0,471.0,463.0,463.0,,,501.0,,,,538.0,589.0,490.0,540.0,518.0,608.0,675.0
101,329.0,321.0,300.0,370.0,343.0,378.0,318.0,340.0,295.0,345.0,,,258.0,,,,210.0,197.0,381.0,451.0,485.0,300.0,276.0,456.0,464.0,771.0,569.0,646.0,748.0,448.0,446.0,440.0,432.0,,,471.0,,,,520.0,563.0,452.0,491.0,485.0,580.0,646.0
102,329.0,321.0,300.0,370.0,343.0,344.0,378.0,317.0,340.0,294.0,345.0,,258.0,,,,210.0,197.0,381.0,451.0,485.0,300.0,276.0,456.0,464.0,771.0,569.0,646.0,647.0,748.0,448.0,446.0,440.0,432.0,,471.0,,,,520.0,562.0,452.0,491.0,485.0,580.0,646.0
103,320.0,332.0,275.0,284.0,370.0,343.0,367.0,310.0,333.0,295.0,351.0,,331.0,,,,272.0,219.0,201.0,390.0,463.0,509.0,305.0,422.0,434.0,627.0,751.0,560.0,618.0,742.0,411.0,410.0,404.0,400.0,,435.0,,,,438.0,475.0,529.0,426.0,449.0,454.0,557.0
104,320.0,332.0,284.0,370.0,343.0,367.0,310.0,333.0,295.0,351.0,,,271.0,,,,218.0,201.0,390.0,463.0,509.0,305.0,275.0,422.0,434.0,751.0,560.0,618.0,742.0,411.0,410.0,404.0,400.0,,,438.0,,,,475.0,529.0,427.0,449.0,454.0,557.0,627.0
105,321.0,338.0,277.0,381.0,338.0,363.0,311.0,334.0,300.0,351.0,,,275.0,,,,227.0,205.0,398.0,476.0,519.0,314.0,277.0,400.0,406.0,734.0,527.0,601.0,729.0,388.0,387.0,379.0,373.0,,,408.0,,,,446.0,490.0,400.0,424.0,439.0,530.0,605.0
106,321.0,338.0,277.0,381.0,338.0,363.0,311.0,334.0,300.0,351.0,,,275.0,,,,227.0,205.0,398.0,476.0,519.0,314.0,277.0,400.0,406.0,734.0,527.0,600.0,729.0,388.0,387.0,379.0,373.0,,,408.0,,,,446.0,490.0,401.0,424.0,439.0,530.0,605.0
107,331.0,338.0,279.0,268.0,383.0,339.0,355.0,320.0,346.0,304.0,360.0,,280.0,,,,228.0,211.0,393.0,471.0,472.0,529.0,311.0,359.0,375.0,574.0,706.0,498.0,571.0,701.0,350.0,351.0,346.0,341.0,,379.0,,,,419.0,461.0,369.0,401.0,402.0,411.0,500.0
108,331.0,338.0,268.0,383.0,339.0,355.0,320.0,346.0,304.0,360.0,,,280.0,,,,228.0,211.0,393.0,471.0,529.0,311.0,279.0,359.0,375.0,706.0,498.0,571.0,701.0,350.0,351.0,346.0,341.0,,,379.0,,,,419.0,461.0,369.0,401.0,411.0,500.0,574.0
109,331.0,338.0,268.0,382.0,339.0,355.0,320.0,346.0,304.0,360.0,,,280.0,,,,228.0,211.0,393.0,471.0,529.0,311.0,279.0,359.0,375.0,706.0,498.0,571.0,701.0,350.0,351.0,346.0,341.0,,,379.0,,,,419.0,461.0,369.0,401.0,411.0,500.0,574.0
110,347.0,343.0,258.0,386.0,333.0,344.0,339.0,355.0,313.0,352.0,,,284.0,,,,234.0,214.0,396.0,470.0,535.0,317.0,280.0,329.0,350.0,691.0,473.0,552.0,685.0,318.0,316.0,315.0,315.0,,,354.0,,,,392.0,438.0,344.0,370.0,397.0,479.0,555.0
111,345.0,348.0,247.0,386.0,332.0,320.0,336.0,356.0,315.0,363.0,,,287.0,,,,241.0,217.0,404.0,483.0,540.0,315.0,277.0,304.0,315.0,661.0,447.0,532.0,663.0,291.0,292.0,281.0,282.0,,,317.0,,,,362.0,405.0,310.0,350.0,366.0,448.0,532.0
112,345.0,348.0,247.0,386.0,332.0,320.0,336.0,356.0,315.0,363.0,,,287.0,,,,241.0,217.0,404.0,483.0,540.0,315.0,277.0,304.0,315.0,661.0,447.0,532.0,663.0,291.0,292.0,281.0,282.0,,,317.0,,,,362.0,405.0,310.0,350.0,366.0,448.0,532.0
113,348.0,353.0,236.0,395.0,331.0,315.0,339.0,357.0,320.0,362.0,,,295.0,,,,252.0,217.0,406.0,480.0,539.0,321.0,276.0,287.0,296.0,648.0,438.0,516.0,644.0,273.0,271.0,267.0,263.0,,,300.0,,,,342.0,390.0,291.0,323.0,354.0,435.0,513.0
114,348.0,353.0,236.0,395.0,331.0,314.0,339.0,357.0,320.0,362.0,,,295.0,,,,252.0,217.0,406.0,480.0,540.0,322.0,276.0,287.0,296.0,648.0,438.0,516.0,644.0,273.0,271.0,267.0,263.0,,,300.0,,,,342.0,390.0,291.0,323.0,354.0,435.0,513.0
115,342.0,361.0,223.0,396.0,333.0,305.0,333.0,356.0,319.0,375.0,,,305.0,,,,255.0,217.0,418.0,494.0,544.0,320.0,274.0,263.0,282.0,632.0,421.0,504.0,630.0,252.0,253.0,249.0,246.0,,,283.0,,,,331.0,374.0,280.0,315.0,344.0,416.0,500.0
116,342.0,361.0,223.0,396.0,333.0,305.0,333.0,356.0,319.0,375.0,,,305.0,,,,255.0,217.0,418.0,494.0,544.0,320.0,274.0,263.0,282.0,632.0,421.0,504.0,630.0,252.0,253.0,249.0,246.0,,,283.0,,,,331.0,374.0,280.0,315.0,344.0,416.0,500.0
117,364.0,359.0,218.0,394.0,334.0,294.0,357.0,375.0,333.0,375.0,,,305.0,,,,256.0,219.0,412.0,491.0,544.0,319.0,276.0,257.0,275.0,619.0,412.0,498.0,622.0,245.0,246.0,238.0,244.0,,,277.0,,,,324.0,367.0,270.0,305.0,331.0,409.0,493.0
118,364.0,359.0,218.0,394.0,334.0,294.0,357.0,375.0,333.0,374.0,,,305.0,,,,256.0,219.0,412.0,491.0,544.0,319.0,276.0,257.0,275.0,619.0,412.0,498.0,622.0,245.0,246.0,238.0,244.0,,,277.0,,,,324.0,367.0,270.0,305.0,331.0,409.0,493.0
119,362.0,366.0,211.0,396.0,333.0,286.0,356.0,375.0,339.0,383.0,,,311.0,,,,262.0,221.0,420.0,495.0,547.0,322.0,278.0,257.0,270.0,610.0,408.0,498.0,613.0,245.0,246.0,235.0,236.0,,,270.0,,,,319.0,363.0,268.0,305.0,336.0,403.0,495.0
120,362.0,365.0,211.0,396.0,333.0,286.0,356.0,375.0,339.0,383.0,,,311.0,,,,262.0,221.0,420.0,495.0,547.0,322.0,278.0,257.0,270.0,610.0,408.0,498.0,613.0,245.0,246.0,235.0,236.0,,,270.0,,,,319.0,363.0,268.0,305.0,336.0,403.0,495.0
121,360.0,373.0,203.0,403.0,337.0,279.0,354.0,375.0,338.0,396.0,,,315.0,,,,267.0,224.0,434.0,506.0,553.0,327.0,278.0,259.0,279.0,609.0,418.0,504.0,614.0,246.0,248.0,241.0,242.0,,,275.0,,,,320.0,361.0,279.0,312.0,345.0,409.0,496.0
122,360.0,373.0,203.0,403.0,337.0,279.0,354.0,375.0,338.0,396.0,,,315.0,,,,267.0,224.0,434.0,506.0,553.0,327.0,278.0,259.0,279.0,609.0,418.0,504.0,615.0,246.0,248.0,241.0,242.0,,,275.0,,,,320.0,361.0,279.0,312.0,345.0,409.0,496.0
123,365.0,375.0,187.0,399.0,333.0,267.0,358.0,380.0,339.0,400.0,,,318.0,,,,268.0,234.0,433.0,504.0,554.0,329.0,270.0,270.0,292.0,601.0,431.0,526.0,625.0,259.0,260.0,256.0,255.0,,,285.0,,,,335.0,374.0,292.0,323.0,359.0,418.0,506.0
124,365.0,375.0,187.0,399.0,333.0,267.0,358.0,380.0,339.0,400.0,,,318.0,,,,268.0,234.0,433.0,504.0,554.0,329.0,271.0,271.0,292.0,601.0,431.0,526.0,625.0,259.0,260.0,256.0,255.0,,,285.0,,,,335.0,375.0,292.0,323.0,359.0,418.0,506.0
125,369.0,380.0,186.0,396.0,332.0,265.0,363.0,383.0,350.0,402.0,,,320.0,,,,273.0,239.0,438.0,514.0,556.0,327.0,266.0,289.0,305.0,596.0,444.0,535.0,620.0,273.0,274.0,268.0,268.0,,,299.0,,,,335.0,380.0,310.0,344.0,370.0,428.0,514.0
126,369.0,380.0,187.0,396.0,332.0,265.0,363.0,383.0,350.0,402.0,,,320.0,,,,273.0,239.0,438.0,514.0,556.0,327.0,266.0,289.0,305.0,596.0,444.0,535.0,620.0,273.0,274.0,268.0,268.0,,,299.0,,,,335.0,381.0,310.0,344.0,370.0,428.0,514.0
127,371.0,383.0,174.0,395.0,324.0,256.0,364.0,387.0,353.0,406.0,,,325.0,,,,275.0,242.0,438.0,507.0,553.0,327.0,266.0,305.0,324.0,607.0,459.0,543.0,631.0,292.0,295.0,287.0,290.0,,,314.0,,,,348.0,392.0,329.0,359.0,393.0,445.0,522.0
128,371.0,383.0,174.0,395.0,324.0,256.0,364.0,387.0,353.0,406.0,,,325.0,,,,275.0,242.0,438.0,507.0,553.0,327.0,266.0,305.0,324.0,607.0,459.0,543.0,631.0,292.0,295.0,287.0,290.0,,,314.0,,,,348.0,392.0,329.0,359.0,394.0,445.0,522.0
129,377.0,378.0,155.0,387.0,333.0,332.0,261.0,370.0,393.0,354.0,406.0,,322.0,,,,265.0,248.0,432.0,503.0,551.0,316.0,264.0,318.0,341.0,635.0,473.0,544.0,545.0,632.0,308.0,309.0,303.0,306.0,,330.0,,,,368.0,403.0,342.0,366.0,403.0,459.0,537.0
130,377.0,378.0,155.0,387.0,333.0,261.0,370.0,393.0,354.0,406.0,,,322.0,,,,265.0,248.0,433.0,503.0,552.0,316.0,264.0,318.0,341.0,635.0,473.0,544.0,632.0,308.0,309.0,303.0,306.0,,,330.0,,,,368.0,403.0,343.0,366.0,403.0,459.0,537.0
131,389.0,374.0,158.0,381.0,332.0,263.0,385.0,400.0,361.0,403.0,,,321.0,,,,264.0,264.0,426.0,501.0,550.0,314.0,260.0,325.0,349.0,631.0,481.0,553.0,635.0,314.0,315.0,310.0,316.0,,,342.0,,,,382.0,411.0,352.0,376.0,414.0,465.0,542.0
132,389.0,374.0,158.0,381.0,333.0,263.0,384.0,400.0,361.0,403.0,,,321.0,,,,264.0,264.0,426.0,501.0,550.0,314.0,260.0,325.0,349.0,631.0,481.0,552.0,635.0,314.0,315.0,310.0,316.0,,,342.0,,,,382.0,411.0,352.0,376.0,414.0,464.0,542.0
133,389.0,374.0,158.0,381.0,332.0,263.0,385.0,400.0,361.0,403.0,,,321.0,,,,264.0,264.0,426.0,501.0,550.0,314.0,260.0,325.0,349.0,631.0,481.0,553.0,635.0,314.0,315.0,310.0,316.0,,,342.0,,,,382.0,411.0,352.0,376.0,413.0,465.0,542.0
134,379.0,377.0,168.0,382.0,340.0,259.0,373.0,395.0,358.0,407.0,,,318.0,,,,263.0,267.0,436.0,504.0,550.0,314.0,265.0,341.0,354.0,617.0,491.0,556.0,642.0,324.0,328.0,315.0,321.0,,,350.0,,,,388.0,421.0,359.0,395.0,433.0,473.0,540.0
135,382.0,375.0,169.0,375.0,356.0,265.0,376.0,398.0,360.0,410.0,,,318.0,,,,261.0,274.0,435.0,503.0,549.0,308.0,266.0,341.0,358.0,605.0,489.0,539.0,638.0,325.0,330.0,317.0,323.0,,,351.0,,,,392.0,425.0,364.0,400.0,439.0,471.0,534.0
136,382.0,375.0,169.0,375.0,356.0,265.0,376.0,398.0,360.0,410.0,,,318.0,,,,261.0,274.0,435.0,503.0,549.0,308.0,266.0,341.0,358.0,605.0,489.0,539.0,638.0,325.0,330.0,317.0,323.0,,,351.0,,,,392.0,425.0,364.0,399.0,439.0,471.0,534.0
137,373.0,377.0,173.0,378.0,351.0,267.0,367.0,389.0,356.0,407.0,,,317.0,,,,263.0,277.0,439.0,503.0,545.0,310.0,261.0,346.0,358.0,602.0,483.0,531.0,631.0,330.0,335.0,319.0,325.0,,,351.0,,,,386.0,424.0,365.0,406.0,452.0,465.0,529.0
138,373.0,377.0,173.0,378.0,351.0,267.0,367.0,389.0,356.0,407.0,,,317.0,,,,263.0,277.0,439.0,503.0,545.0,310.0,261.0,346.0,358.0,602.0,484.0,531.0,631.0,330.0,335.0,319.0,325.0,,,351.0,,,,386.0,424.0,365.0,406.0,452.0,465.0,529.0
139,375.0,376.0,170.0,375.0,340.0,339.0,266.0,369.0,392.0,356.0,407.0,,316.0,,,,264.0,274.0,437.0,501.0,543.0,308.0,262.0,347.0,358.0,602.0,485.0,544.0,545.0,636.0,330.0,337.0,318.0,328.0,,352.0,,,,384.0,424.0,365.0,403.0,449.0,467.0,533.0
140,375.0,376.0,170.0,375.0,340.0,266.0,369.0,392.0,356.0,407.0,,,316.0,,,,264.0,274.0,438.0,501.0,543.0,308.0,262.0,347.0,358.0,601.0,485.0,544.0,636.0,330.0,337.0,318.0,328.0,,,352.0,,,,384.0,424.0,365.0,403.0,449.0,467.0,533.0
141,375.0,376.0,170.0,375.0,340.0,266.0,369.0,392.0,356.0,407.0,,,316.0,,,,264.0,273.0,438.0,501.0,543.0,308.0,262.0,347.0,358.0,602.0,485.0,544.0,636.0,330.0,337.0,318.0,328.0,,,352.0,,,,384.0,424.0,365.0,403.0,449.0,467.0,533.0
142,376.0,373.0,163.0,370.0,354.0,253.0,370.0,394.0,355.0,408.0,,,316.0,,,,261.0,266.0,433.0,500.0,539.0,304.0,254.0,345.0,357.0,601.0,484.0,538.0,628.0,329.0,335.0,318.0,328.0,,,349.0,,,,374.0,413.0,363.0,403.0,449.0,464.0,536.0
143,376.0,373.0,163.0,370.0,354.0,253.0,370.0,394.0,355.0,408.0,,,316.0,,,,261.0,266.0,433.0,500.0,539.0,304.0,254.0,345.0,357.0,600.0,484.0,538.0,628.0,329.0,335.0,318.0,328.0,,,349.0,,,,374.0,413.0,363.0,403.0,449.0,464.0,535.0
144,369.0,372.0,174.0,370.0,331.0,259.0,363.0,384.0,352.0,403.0,,,316.0,,,,259.0,257.0,428.0,497.0,538.0,306.0,251.0,342.0,354.0,592.0,482.0,543.0,610.0,326.0,332.0,316.0,323.0,,,341.0,,,,375.0,407.0,363.0,406.0,452.0,462.0,530.0
145,369.0,372.0,174.0,370.0,330.0,259.0,364.0,384.0,352.0,403.0,,,316.0,,,,259.0,257.0,428.0,497.0,538.0,306.0,251.0,342.0,354.0,592.0,482.0,543.0,610.0,326.0,332.0,316.0,323.0,,,341.0,,,,375.0,407.0,363.0,406.0,452.0,462.0,530.0
146,366.0,375.0,157.0,370.0,333.0,256.0,361.0,377.0,351.0,400.0,,,326.0,,,,271.0,254.0,422.0,484.0,528.0,309.0,247.0,331.0,349.0,604.0,473.0,544.0,609.0,320.0,323.0,312.0,317.0,,,334.0,,,,361.0,391.0,359.0,405.0,451.0,454.0,529.0
147,366.0,375.0,157.0,370.0,331.0,330.0,254.0,361.0,377.0,351.0,400.0,,326.0,,,,271.0,254.0,422.0,484.0,528.0,309.0,247.0,331.0,349.0,604.0,473.0,545.0,546.0,609.0,320.0,323.0,312.0,317.0,,334.0,,,,361.0,391.0,359.0,405.0,451.0,454.0,529.0
148,373.0,371.0,154.0,368.0,325.0,264.0,369.0,387.0,356.0,399.0,,,321.0,,,,265.0,251.0,420.0,483.0,521.0,305.0,246.0,337.0,351.0,592.0,476.0,551.0,620.0,323.0,328.0,315.0,320.0,,,337.0,,,,365.0,398.0,358.0,406.0,452.0,458.0,527.0
149,373.0,371.0,154.0,368.0,325.0,264.0,369.0,387.0,356.0,398.0,,,321.0,,,,265.0,251.0,420.0,483.0,521.0,305.0,246.0,337.0,350.0,591.0,476.0,551.0,620.0,323.0,328.0,315.0,320.0,,,337.0,,,,365.0,399.0,358.0,406.0,452.0,458.0,527.0
150,380.0,372.0,108.0,0.0,364.0,344.0,260.0,376.0,393.0,359.0,399.0,,321.0,,,,261.0,247.0,423.0,481.0,516.0,300.0,229.0,335.0,350.0,610.0,617.0,482.0,538.0,628.0,323.0,326.0,314.0,318.0,,337.0,,,,364.0,400.0,359.0,409.0,458.0,462.0,530.0
151,380.0,372.0,230.0,109.0,0.0,364.0,345.0,260.0,376.0,394.0,360.0,399.0,321.0,,,,261.0,246.0,247.0,423.0,481.0,516.0,300.0,335.0,350.0,529.0,610.0,616.0,482.0,537.0,628.0,323.0,326.0,314.0,318.0,337.0,,,,364.0,400.0,401.0,359.0,409.0,458.0,462.0
152,385.0,369.0,204.0,367.0,356.0,323.0,378.0,397.0,359.0,402.0,,,316.0,,,,263.0,263.0,421.0,474.0,510.0,303.0,239.0,336.0,352.0,594.0,472.0,522.0,610.0,324.0,327.0,315.0,320.0,,,340.0,,,,374.0,446.0,361.0,411.0,457.0,457.0,503.0
153,372.0,372.0,223.0,362.0,320.0,319.0,282.0,367.0,387.0,354.0,400.0,,319.0,,,,267.0,264.0,425.0,480.0,511.0,303.0,249.0,341.0,354.0,584.0,493.0,558.0,559.0,615.0,327.0,333.0,316.0,321.0,,340.0,,,,366.0,394.0,364.0,421.0,462.0,472.0,524.0
154,372.0,372.0,249.0,248.0,222.0,362.0,319.0,282.0,367.0,387.0,354.0,401.0,319.0,,,,267.0,264.0,425.0,480.0,481.0,511.0,303.0,341.0,355.0,524.0,525.0,584.0,493.0,559.0,616.0,327.0,332.0,316.0,321.0,340.0,,,,366.0,395.0,365.0,421.0,422.0,462.0,472.0
155,372.0,372.0,222.0,362.0,320.0,319.0,282.0,367.0,387.0,354.0,400.0,,319.0,,,,267.0,264.0,425.0,480.0,511.0,303.0,249.0,341.0,354.0,584.0,493.0,558.0,559.0,615.0,327.0,332.0,316.0,321.0,,340.0,,,,366.0,395.0,365.0,421.0,462.0,472.0,524.0
156,377.0,365.0,256.0,365.0,375.0,315.0,370.0,392.0,351.0,398.0,,,307.0,,,,252.0,264.0,426.0,481.0,511.0,298.0,265.0,340.0,356.0,578.0,492.0,503.0,612.0,324.0,329.0,314.0,318.0,,,347.0,,,,398.0,429.0,364.0,425.0,469.0,477.0,519.0
157,368.0,361.0,252.0,363.0,382.0,301.0,362.0,381.0,345.0,395.0,,,300.0,,,,244.0,263.0,420.0,478.0,507.0,292.0,272.0,338.0,353.0,585.0,483.0,497.0,604.0,322.0,329.0,310.0,320.0,,,342.0,,,,392.0,429.0,360.0,416.0,464.0,467.0,512.0
158,369.0,361.0,252.0,363.0,382.0,301.0,362.0,381.0,345.0,394.0,,,300.0,,,,244.0,263.0,420.0,478.0,507.0,292.0,272.0,338.0,353.0,585.0,483.0,497.0,604.0,322.0,329.0,310.0,319.0,,,342.0,,,,392.0,430.0,360.0,415.0,464.0,467.0,511.0
159,369.0,361.0,252.0,363.0,381.0,301.0,362.0,381.0,345.0,394.0,,,300.0,,,,244.0,263.0,420.0,478.0,507.0,292.0,272.0,338.0,353.0,585.0,483.0,498.0,604.0,322.0,329.0,310.0,319.0,,,342.0,,,,392.0,430.0,359.0,415.0,464.0,467.0,511.0
160,372.0,358.0,241.0,362.0,396.0,302.0,364.0,384.0,338.0,401.0,,,292.0,,,,238.0,265.0,415.0,470.0,502.0,289.0,293.0,326.0,349.0,588.0,481.0,490.0,608.0,313.0,315.0,303.0,311.0,,,341.0,,,,400.0,434.0,350.0,402.0,458.0,473.0,515.0
161,364.0,358.0,290.0,255.0,366.0,391.0,314.0,356.0,375.0,334.0,392.0,,294.0,,,,246.0,256.0,416.0,470.0,471.0,504.0,297.0,317.0,340.0,506.0,585.0,470.0,499.0,605.0,307.0,307.0,300.0,300.0,,333.0,,,,390.0,422.0,341.0,394.0,395.0,453.0,461.0
162,364.0,358.0,255.0,366.0,391.0,314.0,356.0,375.0,334.0,392.0,,,295.0,,,,246.0,256.0,417.0,471.0,504.0,297.0,290.0,317.0,340.0,585.0,470.0,499.0,605.0,306.0,307.0,299.0,300.0,,,333.0,,,,390.0,423.0,342.0,395.0,453.0,461.0,507.0
163,364.0,358.0,255.0,366.0,391.0,314.0,356.0,375.0,334.0,392.0,,,295.0,,,,246.0,256.0,416.0,471.0,504.0,297.0,290.0,317.0,341.0,585.0,470.0,500.0,605.0,306.0,307.0,300.0,300.0,,,333.0,,,,390.0,423.0,342.0,395.0,453.0,461.0,506.0
164,359.0,354.0,226.0,376.0,394.0,393.0,330.0,349.0,369.0,322.0,389.0,,287.0,,,,233.0,253.0,411.0,464.0,502.0,303.0,308.0,306.0,321.0,609.0,459.0,496.0,497.0,608.0,293.0,295.0,280.0,282.0,,319.0,,,,370.0,408.0,322.0,372.0,430.0,455.0,510.0
165,359.0,354.0,226.0,376.0,393.0,330.0,349.0,369.0,322.0,390.0,,,287.0,,,,233.0,252.0,411.0,464.0,502.0,303.0,308.0,306.0,321.0,609.0,459.0,497.0,608.0,293.0,295.0,281.0,282.0,,,319.0,,,,370.0,408.0,322.0,372.0,429.0,455.0,510.0
166,349.0,344.0,228.0,375.0,400.0,341.0,340.0,358.0,318.0,371.0,,,275.0,,,,226.0,250.0,404.0,460.0,502.0,304.0,321.0,301.0,313.0,613.0,445.0,482.0,603.0,286.0,287.0,274.0,275.0,,,311.0,,,,363.0,413.0,311.0,357.0,413.0,446.0,499.0
167,349.0,344.0,229.0,375.0,400.0,341.0,341.0,358.0,318.0,370.0,,,275.0,,,,226.0,250.0,404.0,459.0,502.0,304.0,321.0,301.0,313.0,613.0,445.0,482.0,603.0,286.0,287.0,274.0,275.0,,,311.0,,,,363.0,413.0,311.0,356.0,413.0,446.0,499.0
168,348.0,327.0,245.0,365.0,400.0,350.0,340.0,359.0,310.0,375.0,,,266.0,,,,218.0,242.0,386.0,445.0,495.0,290.0,315.0,284.0,290.0,612.0,410.0,475.0,602.0,271.0,267.0,262.0,261.0,,,295.0,,,,341.0,397.0,278.0,325.0,390.0,413.0,497.0
169,348.0,326.0,315.0,244.0,364.0,400.0,350.0,340.0,359.0,310.0,375.0,,266.0,,,,218.0,242.0,386.0,445.0,494.0,495.0,290.0,284.0,290.0,497.0,612.0,410.0,475.0,602.0,271.0,267.0,262.0,261.0,,295.0,,,,342.0,397.0,278.0,325.0,389.0,390.0,413.0
170,331.0,324.0,252.0,366.0,397.0,346.0,320.0,345.0,298.0,359.0,,,259.0,,,,207.0,232.0,389.0,444.0,494.0,293.0,312.0,269.0,277.0,610.0,407.0,482.0,605.0,260.0,257.0,252.0,245.0,,,281.0,,,,339.0,391.0,272.0,322.0,375.0,409.0,495.0
171,326.0,314.0,257.0,359.0,389.0,362.0,315.0,339.0,289.0,351.0,,,248.0,,,,201.0,189.0,374.0,436.0,488.0,281.0,313.0,265.0,268.0,612.0,399.0,474.0,610.0,255.0,252.0,243.0,237.0,,,274.0,,,,320.0,363.0,263.0,313.0,363.0,403.0,485.0
172,326.0,314.0,257.0,359.0,389.0,362.0,315.0,339.0,289.0,351.0,,,248.0,,,,201.0,189.0,374.0,436.0,488.0,281.0,313.0,265.0,268.0,611.0,399.0,474.0,610.0,255.0,252.0,243.0,237.0,,,274.0,,,,320.0,363.0,263.0,313.0,363.0,403.0,485.0
173,326.0,314.0,257.0,359.0,389.0,362.0,315.0,339.0,288.0,351.0,,,248.0,,,,201.0,189.0,374.0,436.0,488.0,281.0,313.0,265.0,268.0,611.0,399.0,474.0,610.0,255.0,252.0,243.0,237.0,,,273.0,,,,320.0,363.0,263.0,313.0,363.0,403.0,485.0
174,325.0,308.0,266.0,357.0,390.0,367.0,315.0,337.0,289.0,345.0,,,239.0,,,,185.0,173.0,368.0,428.0,483.0,278.0,316.0,261.0,267.0,616.0,400.0,474.0,614.0,251.0,248.0,236.0,235.0,,,268.0,,,,305.0,359.0,264.0,310.0,358.0,406.0,478.0
175,315.0,295.0,276.0,352.0,390.0,379.0,305.0,325.0,274.0,334.0,,,226.0,,,,174.0,166.0,360.0,423.0,477.0,274.0,315.0,263.0,267.0,624.0,406.0,483.0,624.0,253.0,250.0,237.0,237.0,,,270.0,,,,318.0,365.0,263.0,308.0,358.0,414.0,493.0
176,315.0,295.0,276.0,352.0,390.0,379.0,305.0,325.0,274.0,334.0,,,226.0,,,,174.0,166.0,360.0,423.0,477.0,274.0,315.0,263.0,267.0,624.0,406.0,483.0,624.0,253.0,250.0,237.0,237.0,,,270.0,,,,318.0,365.0,263.0,308.0,358.0,414.0,493.0
177,315.0,295.0,276.0,352.0,390.0,379.0,305.0,325.0,274.0,334.0,,,226.0,,,,174.0,166.0,360.0,423.0,477.0,273.0,315.0,263.0,267.0,624.0,406.0,483.0,624.0,253.0,250.0,237.0,237.0,,,270.0,,,,318.0,365.0,263.0,308.0,358.0,414.0,493.0
178,305.0,284.0,290.0,338.0,387.0,396.0,296.0,313.0,265.0,325.0,,,219.0,,,,162.0,158.0,348.0,412.0,468.0,260.0,310.0,264.0,279.0,644.0,408.0,497.0,635.0,257.0,253.0,247.0,248.0,,,282.0,,,,331.0,388.0,270.0,312.0,358.0,421.0,504.0
179,300.0,278.0,300.0,337.0,388.0,408.0,291.0,308.0,262.0,306.0,,,216.0,,,,158.0,150.0,339.0,406.0,466.0,264.0,311.0,274.0,290.0,653.0,424.0,516.0,651.0,265.0,260.0,260.0,259.0,,,295.0,,,,341.0,403.0,279.0,322.0,367.0,440.0,518.0
180,300.0,278.0,300.0,337.0,388.0,408.0,291.0,308.0,262.0,306.0,,,216.0,,,,158.0,150.0,339.0,406.0,466.0,264.0,311.0,274.0,290.0,653.0,424.0,516.0,651.0,265.0,260.0,260.0,259.0,,,295.0,,,,340.0,403.0,279.0,322.0,367.0,440.0,518.0
181,292.0,267.0,322.0,329.0,391.0,423.0,277.0,301.0,246.0,307.0,,,196.0,,,,147.0,145.0,332.0,399.0,456.0,257.0,311.0,299.0,303.0,678.0,441.0,532.0,669.0,284.0,278.0,269.0,267.0,,,312.0,,,,371.0,428.0,293.0,341.0,376.0,458.0,546.0
182,292.0,267.0,322.0,329.0,391.0,423.0,277.0,301.0,246.0,307.0,,,196.0,,,,147.0,145.0,332.0,399.0,456.0,257.0,311.0,299.0,303.0,678.0,441.0,532.0,669.0,284.0,278.0,269.0,268.0,,,312.0,,,,371.0,428.0,293.0,341.0,376.0,458.0,546.0
183,287.0,259.0,343.0,322.0,383.0,437.0,272.0,294.0,239.0,,,,195.0,,,,145.0,137.0,318.0,388.0,451.0,254.0,310.0,306.0,323.0,690.0,452.0,552.0,680.0,297.0,290.0,287.0,,,,333.0,,,,384.0,443.0,311.0,354.0,393.0,474.0,556.0
184,287.0,259.0,343.0,322.0,383.0,437.0,272.0,294.0,239.0,,,,195.0,,,,145.0,137.0,318.0,388.0,451.0,254.0,310.0,306.0,322.0,690.0,452.0,552.0,680.0,297.0,290.0,287.0,,,,333.0,,,,384.0,443.0,311.0,354.0,393.0,474.0,556.0
185,285.0,258.0,361.0,321.0,385.0,460.0,272.0,293.0,235.0,,,,187.0,,,,137.0,130.0,318.0,384.0,452.0,252.0,307.0,333.0,349.0,715.0,478.0,571.0,698.0,319.0,315.0,313.0,,,,357.0,,,,411.0,472.0,334.0,377.0,412.0,501.0,595.0
186,285.0,257.0,361.0,321.0,385.0,460.0,272.0,293.0,235.0,,,,186.0,,,,137.0,130.0,317.0,383.0,451.0,252.0,307.0,333.0,350.0,714.0,478.0,572.0,698.0,319.0,315.0,313.0,,,,358.0,,,,412.0,472.0,334.0,377.0,412.0,502.0,596.0
187,285.0,258.0,361.0,321.0,385.0,460.0,272.0,293.0,235.0,,,,187.0,,,,137.0,130.0,318.0,383.0,451.0,252.0,307.0,333.0,350.0,714.0,478.0,572.0,698.0,319.0,315.0,313.0,,,,358.0,,,,411.0,472.0,334.0,377.0,412.0,502.0,596.0
188,271.0,260.0,391.0,327.0,395.0,464.0,259.0,282.0,226.0,297.0,,,187.0,,,,135.0,123.0,324.0,395.0,451.0,255.0,312.0,356.0,374.0,736.0,510.0,600.0,709.0,344.0,342.0,337.0,329.0,,,384.0,,,,431.0,493.0,365.0,410.0,439.0,536.0,631.0
189,271.0,260.0,391.0,327.0,395.0,464.0,259.0,282.0,226.0,298.0,,,187.0,,,,135.0,123.0,324.0,395.0,451.0,255.0,312.0,356.0,374.0,736.0,509.0,600.0,709.0,344.0,342.0,337.0,329.0,,,384.0,,,,431.0,493.0,365.0,410.0,439.0,536.0,632.0
190,276.0,248.0,319.0,410.0,319.0,396.0,484.0,264.0,281.0,227.0,,,178.0,,,,127.0,120.0,309.0,381.0,382.0,446.0,254.0,393.0,403.0,667.0,755.0,541.0,628.0,736.0,381.0,375.0,371.0,,,412.0,,,,467.0,530.0,392.0,435.0,436.0,460.0,571.0
191,276.0,248.0,319.0,410.0,320.0,396.0,484.0,264.0,281.0,227.0,,,178.0,,,,126.0,120.0,309.0,381.0,382.0,446.0,254.0,393.0,403.0,667.0,755.0,541.0,628.0,736.0,381.0,374.0,371.0,,,412.0,,,,467.0,530.0,392.0,435.0,436.0,460.0,571.0
192,269.0,248.0,417.0,325.0,406.0,512.0,257.0,276.0,220.0,294.0,,,181.0,,,,130.0,121.0,309.0,383.0,444.0,259.0,338.0,418.0,434.0,781.0,570.0,660.0,763.0,408.0,403.0,404.0,393.0,,,447.0,,,,487.0,552.0,420.0,462.0,492.0,599.0,707.0
193,268.0,248.0,417.0,325.0,406.0,512.0,257.0,276.0,220.0,294.0,,,181.0,,,,130.0,121.0,309.0,383.0,443.0,259.0,337.0,418.0,434.0,781.0,570.0,660.0,763.0,408.0,403.0,404.0,393.0,,,447.0,,,,487.0,552.0,420.0,462.0,492.0,599.0,707.0
194,257.0,246.0,356.0,460.0,328.0,410.0,534.0,241.0,265.0,213.0,271.0,,176.0,,,,125.0,118.0,311.0,388.0,448.0,261.0,355.0,452.0,467.0,744.0,816.0,610.0,697.0,797.0,442.0,439.0,439.0,425.0,,484.0,,,,530.0,589.0,456.0,503.0,518.0,643.0,743.0
195,265.0,243.0,451.0,336.0,411.0,534.0,253.0,271.0,214.0,,,,172.0,,,,119.0,114.0,308.0,379.0,441.0,263.0,350.0,480.0,498.0,831.0,636.0,717.0,808.0,466.0,461.0,460.0,,,,510.0,,,,563.0,618.0,480.0,518.0,545.0,671.0,761.0
196,265.0,243.0,451.0,336.0,411.0,534.0,253.0,271.0,214.0,,,,172.0,,,,119.0,114.0,308.0,379.0,441.0,263.0,350.0,480.0,498.0,831.0,636.0,717.0,808.0,466.0,461.0,460.0,,,,510.0,,,,563.0,618.0,480.0,518.0,545.0,671.0,761.0
197,265.0,244.0,452.0,336.0,411.0,534.0,253.0,271.0,214.0,,,,172.0,,,,119.0,114.0,308.0,379.0,441.0,263.0,350.0,480.0,498.0,831.0,636.0,717.0,808.0,466.0,461.0,460.0,,,,510.0,,,,563.0,618.0,480.0,518.0,545.0,671.0,761.0
198,244.0,245.0,352.0,442.0,342.0,410.0,526.0,228.0,257.0,205.0,269.0,,173.0,,,,119.0,0.0,106.0,309.0,380.0,440.0,267.0,514.0,539.0,783.0,848.0,675.0,738.0,823.0,503.0,500.0,504.0,493.0,,551.0,,,,596.0,644.0,644.0,519.0,559.0,569.0,706.0
199,237.0,246.0,454.0,343.0,415.0,533.0,221.0,249.0,204.0,266.0,,,175.0,,,,121.0,109.0,312.0,392.0,442.0,266.0,360.0,546.0,559.0,873.0,690.0,757.0,835.0,535.0,531.0,532.0,514.0,,,577.0,,,,618.0,683.0,545.0,591.0,596.0,728.0,799.0
200,238.0,246.0,454.0,343.0,415.0,533.0,222.0,249.0,204.0,266.0,,,175.0,,,,121.0,109.0,312.0,392.0,442.0,266.0,362.0,546.0,559.0,873.0,690.0,757.0,835.0,535.0,531.0,532.0,514.0,,,578.0,,,,618.0,683.0,545.0,591.0,596.0,728.0,800.0
201,238.0,246.0,454.0,343.0,415.0,533.0,222.0,249.0,204.0,266.0,,,175.0,,,,121.0,109.0,312.0,392.0,442.0,266.0,360.0,546.0,559.0,873.0,690.0,757.0,835.0,535.0,530.0,532.0,514.0,,,578.0,,,,618.0,683.0,545.0,591.0,596.0,728.0,799.0
202,248.0,246.0,360.0,361.0,451.0,350.0,415.0,545.0,233.0,256.0,206.0,255.0,176.0,,,,117.0,105.0,0.0,307.0,377.0,437.0,276.0,570.0,591.0,820.0,821.0,887.0,727.0,786.0,863.0,558.0,553.0,556.0,549.0,605.0,,,,653.0,713.0,716.0,568.0,607.0,617.0,762.0
203,248.0,246.0,359.0,451.0,349.0,414.0,544.0,232.0,256.0,206.0,255.0,,176.0,,,,117.0,105.0,0.0,307.0,377.0,437.0,276.0,570.0,591.0,820.0,887.0,726.0,785.0,863.0,558.0,553.0,556.0,549.0,,605.0,,,,653.0,713.0,716.0,568.0,607.0,617.0,761.0
204,234.0,241.0,333.0,439.0,348.0,410.0,411.0,528.0,219.0,246.0,199.0,263.0,174.0,,,,119.0,0.0,107.0,307.0,381.0,417.0,269.0,600.0,616.0,833.0,899.0,736.0,801.0,802.0,866.0,592.0,587.0,592.0,572.0,640.0,,,,679.0,738.0,741.0,594.0,629.0,640.0,778.0
205,234.0,242.0,333.0,440.0,348.0,410.0,527.0,219.0,246.0,199.0,263.0,,174.0,,,,119.0,0.0,107.0,307.0,381.0,417.0,269.0,600.0,616.0,833.0,899.0,736.0,801.0,866.0,592.0,587.0,592.0,573.0,,640.0,,,,679.0,738.0,741.0,594.0,629.0,640.0,778.0
206,233.0,245.0,338.0,440.0,352.0,413.0,526.0,220.0,244.0,200.0,259.0,,177.0,,,,121.0,106.0,0.0,305.0,372.0,411.0,281.0,617.0,636.0,840.0,917.0,760.0,814.0,876.0,605.0,601.0,604.0,592.0,,652.0,,,,696.0,747.0,748.0,612.0,640.0,649.0,798.0
207,234.0,245.0,440.0,352.0,413.0,526.0,220.0,244.0,200.0,259.0,,,177.0,,,,121.0,106.0,305.0,372.0,411.0,281.0,338.0,617.0,636.0,917.0,760.0,814.0,876.0,605.0,601.0,604.0,592.0,,,652.0,,,,696.0,747.0,612.0,640.0,649.0,798.0,840.0
208,245.0,248.0,338.0,425.0,351.0,403.0,520.0,227.0,251.0,205.0,259.0,,180.0,,,,126.0,108.0,305.0,367.0,407.0,278.0,337.0,636.0,649.0,861.0,929.0,776.0,831.0,880.0,627.0,619.0,627.0,606.0,,673.0,,,,718.0,770.0,626.0,646.0,659.0,813.0,860.0
209,245.0,248.0,338.0,425.0,351.0,403.0,521.0,226.0,250.0,205.0,259.0,,180.0,,,,126.0,108.0,305.0,367.0,407.0,278.0,337.0,636.0,649.0,861.0,929.0,776.0,831.0,880.0,627.0,619.0,627.0,606.0,,672.0,,,,718.0,770.0,626.0,646.0,659.0,813.0,860.0
210,238.0,244.0,424.0,352.0,416.0,525.0,222.0,248.0,202.0,261.0,,,181.0,,,,127.0,113.0,302.0,364.0,404.0,279.0,362.0,646.0,656.0,935.0,782.0,845.0,886.0,640.0,633.0,639.0,616.0,,,683.0,,,,729.0,784.0,634.0,650.0,663.0,819.0,881.0
211,238.0,245.0,424.0,352.0,416.0,525.0,222.0,248.0,202.0,261.0,,,182.0,,,,127.0,113.0,303.0,364.0,404.0,279.0,362.0,646.0,657.0,935.0,782.0,845.0,886.0,640.0,633.0,638.0,616.0,,,683.0,,,,730.0,784.0,634.0,650.0,663.0,819.0,881.0
212,242.0,240.0,413.0,343.0,402.0,475.0,227.0,252.0,202.0,263.0,,,179.0,,,,131.0,116.0,297.0,352.0,395.0,272.0,333.0,651.0,660.0,935.0,780.0,847.0,889.0,645.0,638.0,645.0,623.0,,,689.0,,,,737.0,787.0,635.0,650.0,669.0,816.0,874.0
213,242.0,240.0,413.0,343.0,402.0,475.0,227.0,252.0,202.0,263.0,,,179.0,,,,131.0,116.0,297.0,352.0,395.0,272.0,333.0,651.0,660.0,935.0,780.0,847.0,889.0,645.0,638.0,645.0,624.0,,,689.0,,,,737.0,787.0,635.0,650.0,669.0,816.0,874.0
214,237.0,248.0,304.0,399.0,350.0,402.0,450.0,223.0,248.0,203.0,264.0,,184.0,,,,130.0,117.0,305.0,366.0,399.0,276.0,303.0,656.0,672.0,868.0,938.0,785.0,848.0,896.0,648.0,643.0,649.0,630.0,,693.0,,,,741.0,801.0,645.0,656.0,681.0,822.0,867.0
215,250.0,257.0,370.0,355.0,383.0,382.0,232.0,260.0,208.0,277.0,,,191.0,,,,137.0,120.0,315.0,395.0,401.0,278.0,274.0,672.0,680.0,933.0,797.0,812.0,925.0,659.0,652.0,656.0,638.0,,,696.0,,,,743.0,802.0,654.0,682.0,688.0,823.0,850.0
216,250.0,257.0,370.0,355.0,383.0,381.0,233.0,260.0,208.0,277.0,,,191.0,,,,137.0,120.0,315.0,395.0,401.0,278.0,273.0,671.0,680.0,933.0,797.0,811.0,925.0,659.0,652.0,656.0,638.0,,,696.0,,,,743.0,802.0,654.0,682.0,688.0,823.0,850.0
217,250.0,257.0,370.0,355.0,383.0,381.0,233.0,260.0,208.0,277.0,,,191.0,,,,137.0,120.0,315.0,395.0,401.0,278.0,274.0,671.0,680.0,933.0,797.0,811.0,925.0,659.0,652.0,656.0,638.0,,,696.0,,,,743.0,802.0,654.0,682.0,688.0,823.0,850.0
218,238.0,253.0,366.0,349.0,368.0,419.0,223.0,248.0,206.0,265.0,,,193.0,,,,139.0,121.0,307.0,385.0,390.0,280.0,277.0,675.0,684.0,928.0,791.0,801.0,894.0,663.0,656.0,659.0,642.0,,,700.0,,,,745.0,803.0,659.0,677.0,684.0,819.0,860.0
219,238.0,253.0,366.0,349.0,368.0,420.0,223.0,248.0,206.0,265.0,,,193.0,,,,139.0,121.0,307.0,385.0,390.0,280.0,277.0,675.0,684.0,928.0,791.0,801.0,893.0,663.0,656.0,659.0,642.0,,,700.0,,,,746.0,803.0,659.0,677.0,684.0,819.0,860.0
220,237.0,259.0,530.0,499.0,373.0,352.0,361.0,410.0,500.0,501.0,222.0,247.0,203.0,211.0,269.0,,148.0,122.0,310.0,385.0,395.0,282.0,268.0,682.0,688.0,929.0,930.0,935.0,800.0,830.0,897.0,911.0,912.0,668.0,663.0,704.0,663.0,648.0,,747.0,803.0,666.0,678.0,688.0,822.0,868.0
221,237.0,259.0,529.0,499.0,373.0,352.0,361.0,410.0,500.0,222.0,247.0,211.0,203.0,270.0,,,148.0,122.0,310.0,385.0,395.0,282.0,268.0,682.0,688.0,929.0,930.0,935.0,800.0,830.0,896.0,911.0,668.0,663.0,663.0,704.0,648.0,,,747.0,803.0,666.0,678.0,688.0,822.0,868.0
222,257.0,270.0,345.0,361.0,349.0,371.0,242.0,264.0,223.0,287.0,,,215.0,,,,159.0,121.0,322.0,390.0,389.0,291.0,261.0,684.0,690.0,924.0,812.0,788.0,884.0,673.0,662.0,668.0,648.0,,,704.0,,,,742.0,799.0,672.0,685.0,690.0,831.0,869.0
223,257.0,270.0,345.0,361.0,349.0,371.0,242.0,264.0,223.0,287.0,,,216.0,,,,159.0,121.0,322.0,390.0,389.0,291.0,261.0,684.0,690.0,924.0,813.0,787.0,884.0,673.0,662.0,668.0,648.0,,,704.0,,,,742.0,798.0,672.0,685.0,690.0,832.0,869.0
224,242.0,273.0,367.0,359.0,315.0,314.0,366.0,227.0,254.0,222.0,283.0,,217.0,,,,149.0,119.0,322.0,395.0,406.0,296.0,252.0,691.0,690.0,912.0,799.0,858.0,859.0,894.0,680.0,677.0,671.0,656.0,,702.0,,,,738.0,797.0,678.0,692.0,700.0,815.0,885.0
225,243.0,273.0,367.0,359.0,333.0,332.0,366.0,227.0,254.0,222.0,283.0,,217.0,,,,149.0,119.0,322.0,395.0,406.0,296.0,252.0,691.0,690.0,911.0,798.0,832.0,833.0,893.0,680.0,677.0,671.0,656.0,,702.0,,,,738.0,797.0,678.0,692.0,700.0,815.0,885.0
226,252.0,272.0,328.0,357.0,349.0,362.0,239.0,264.0,223.0,291.0,,,210.0,,,,146.0,123.0,333.0,400.0,411.0,284.0,237.0,690.0,689.0,947.0,802.0,818.0,902.0,679.0,675.0,670.0,657.0,,,699.0,,,,735.0,795.0,678.0,704.0,714.0,816.0,879.0
227,252.0,272.0,328.0,357.0,349.0,363.0,239.0,264.0,223.0,291.0,,,210.0,,,,146.0,123.0,333.0,400.0,411.0,285.0,236.0,690.0,688.0,947.0,802.0,820.0,903.0,680.0,675.0,670.0,657.0,,,699.0,,,,735.0,795.0,677.0,704.0,713.0,817.0,879.0
228,247.0,273.0,320.0,355.0,344.0,352.0,235.0,236.0,260.0,227.0,291.0,,214.0,,,,164.0,125.0,336.0,401.0,414.0,279.0,233.0,687.0,685.0,961.0,808.0,839.0,902.0,672.0,673.0,670.0,659.0,652.0,,695.0,,,,734.0,786.0,677.0,700.0,722.0,816.0,870.0
229,247.0,273.0,320.0,355.0,345.0,344.0,352.0,236.0,260.0,227.0,291.0,,214.0,,,,164.0,125.0,336.0,401.0,414.0,279.0,233.0,687.0,685.0,961.0,808.0,838.0,839.0,902.0,673.0,670.0,658.0,652.0,,695.0,,,,734.0,786.0,677.0,700.0,722.0,816.0,870.0
230,241.0,271.0,282.0,354.0,314.0,344.0,229.0,256.0,226.0,290.0,,,206.0,,,,148.0,127.0,335.0,401.0,420.0,272.0,227.0,686.0,681.0,971.0,797.0,878.0,919.0,669.0,669.0,650.0,649.0,,,690.0,,,,734.0,791.0,672.0,713.0,724.0,803.0,849.0
231,242.0,241.0,227.0,282.0,354.0,314.0,344.0,229.0,256.0,225.0,290.0,,271.0,,,,206.0,148.0,127.0,335.0,401.0,420.0,272.0,685.0,686.0,849.0,971.0,797.0,877.0,919.0,669.0,669.0,650.0,649.0,,681.0,,,,690.0,734.0,791.0,672.0,713.0,724.0,803.0
232,250.0,277.0,220.0,276.0,359.0,302.0,344.0,239.0,264.0,236.0,295.0,,213.0,,,,152.0,130.0,345.0,407.0,448.0,319.0,279.0,678.0,674.0,853.0,974.0,786.0,866.0,922.0,659.0,662.0,638.0,643.0,,683.0,,,,724.0,783.0,672.0,730.0,710.0,758.0,795.0
233,250.0,277.0,220.0,276.0,359.0,302.0,344.0,239.0,264.0,236.0,295.0,,213.0,,,,152.0,130.0,345.0,407.0,448.0,319.0,279.0,678.0,674.0,853.0,974.0,786.0,866.0,922.0,659.0,662.0,638.0,643.0,,683.0,,,,724.0,783.0,672.0,730.0,710.0,759.0,795.0
234,261.0,275.0,216.0,261.0,350.0,290.0,344.0,251.0,273.0,235.0,302.0,,212.0,,,,158.0,132.0,340.0,341.0,417.0,459.0,269.0,647.0,659.0,860.0,986.0,780.0,863.0,952.0,636.0,636.0,632.0,622.0,,666.0,,,,717.0,778.0,655.0,656.0,722.0,691.0,786.0
235,269.0,281.0,244.0,237.0,342.0,290.0,343.0,259.0,283.0,240.0,308.0,,215.0,,,,161.0,135.0,349.0,435.0,470.0,262.0,215.0,646.0,659.0,994.0,1101.0,784.0,866.0,960.0,635.0,634.0,630.0,619.0,,661.0,,,,701.0,764.0,655.0,711.0,673.0,791.0,862.0
236,270.0,281.0,244.0,237.0,343.0,289.0,343.0,259.0,283.0,240.0,308.0,,215.0,,,,161.0,135.0,349.0,435.0,470.0,262.0,215.0,646.0,659.0,994.0,1101.0,784.0,866.0,960.0,635.0,634.0,630.0,619.0,,661.0,,,,701.0,764.0,655.0,711.0,673.0,791.0,862.0
237,291.0,277.0,224.0,218.0,336.0,287.0,329.0,280.0,301.0,262.0,306.0,,212.0,,,,159.0,138.0,347.0,435.0,496.0,260.0,214.0,639.0,650.0,999.0,1101.0,775.0,861.0,984.0,626.0,624.0,610.0,614.0,,652.0,,,,702.0,771.0,644.0,672.0,674.0,784.0,857.0
238,291.0,277.0,224.0,218.0,336.0,287.0,329.0,280.0,302.0,262.0,306.0,,212.0,,,,159.0,138.0,347.0,435.0,496.0,260.0,214.0,639.0,649.0,999.0,1101.0,776.0,861.0,984.0,626.0,624.0,610.0,614.0,,652.0,,,,702.0,771.0,644.0,672.0,674.0,784.0,857.0
239,291.0,277.0,224.0,218.0,336.0,287.0,329.0,280.0,302.0,262.0,306.0,,212.0,,,,159.0,138.0,347.0,435.0,496.0,260.0,214.0,639.0,650.0,999.0,1101.0,775.0,861.0,984.0,626.0,624.0,610.0,614.0,,652.0,,,,702.0,771.0,644.0,672.0,674.0,784.0,857.0
240,293.0,284.0,219.0,216.0,341.0,282.0,319.0,323.0,283.0,304.0,260.0,313.0,221.0,,,,165.0,141.0,348.0,430.0,505.0,264.0,216.0,636.0,646.0,997.0,1101.0,773.0,860.0,993.0,1101.0,621.0,620.0,608.0,610.0,648.0,,,,693.0,755.0,640.0,650.0,662.0,779.0,854.0
241,305.0,299.0,211.0,205.0,352.0,279.0,313.0,318.0,296.0,316.0,274.0,321.0,230.0,,,,177.0,153.0,361.0,452.0,526.0,271.0,221.0,626.0,634.0,995.0,1101.0,775.0,858.0,991.0,1101.0,607.0,608.0,597.0,601.0,636.0,,,,687.0,751.0,631.0,652.0,664.0,774.0,852.0
242,304.0,299.0,211.0,205.0,353.0,279.0,312.0,318.0,295.0,315.0,274.0,321.0,230.0,,,,177.0,153.0,361.0,453.0,526.0,271.0,221.0,627.0,634.0,994.0,1101.0,775.0,858.0,991.0,1101.0,608.0,608.0,597.0,601.0,636.0,,,,687.0,751.0,631.0,652.0,664.0,774.0,852.0
243,304.0,300.0,211.0,205.0,353.0,280.0,312.0,318.0,295.0,315.0,274.0,321.0,230.0,,,,177.0,153.0,361.0,453.0,526.0,271.0,221.0,627.0,634.0,994.0,1101.0,775.0,858.0,991.0,1101.0,608.0,608.0,597.0,600.0,636.0,,,,687.0,751.0,631.0,652.0,664.0,774.0,852.0
244,312.0,303.0,203.0,192.0,358.0,279.0,305.0,309.0,303.0,323.0,278.0,326.0,232.0,,,,181.0,157.0,366.0,458.0,531.0,275.0,225.0,624.0,633.0,994.0,1101.0,777.0,844.0,999.0,1101.0,606.0,607.0,596.0,601.0,634.0,,,,687.0,745.0,631.0,649.0,670.0,774.0,840.0
245,292.0,319.0,183.0,177.0,369.0,280.0,289.0,287.0,281.0,308.0,277.0,338.0,254.0,,,,199.0,165.0,386.0,472.0,543.0,293.0,229.0,620.0,626.0,1005.0,1101.0,780.0,844.0,1007.0,1101.0,603.0,605.0,588.0,595.0,625.0,,,,678.0,738.0,632.0,651.0,682.0,769.0,841.0
246,292.0,318.0,183.0,177.0,369.0,280.0,289.0,287.0,281.0,308.0,277.0,338.0,254.0,,,,199.0,165.0,386.0,472.0,543.0,293.0,229.0,620.0,626.0,1005.0,1101.0,780.0,844.0,1007.0,1101.0,603.0,605.0,587.0,595.0,625.0,,,,678.0,738.0,632.0,651.0,682.0,769.0,841.0
247,292.0,319.0,183.0,177.0,369.0,280.0,289.0,287.0,281.0,308.0,277.0,338.0,254.0,,,,199.0,165.0,386.0,472.0,543.0,292.0,229.0,620.0,626.0,1005.0,1101.0,780.0,844.0,1007.0,1101.0,603.0,605.0,587.0,595.0,625.0,,,,678.0,738.0,632.0,651.0,682.0,768.0,841.0
248,312.0,326.0,175.0,169.0,368.0,281.0,272.0,271.0,303.0,325.0,285.0,286.0,262.0,352.0,,,210.0,169.0,395.0,473.0,546.0,293.0,228.0,609.0,623.0,997.0,1101.0,781.0,853.0,1006.0,1101.0,595.0,596.0,589.0,590.0,621.0,585.0,,,671.0,732.0,627.0,650.0,684.0,770.0,844.0
249,312.0,326.0,175.0,169.0,369.0,281.0,272.0,271.0,303.0,325.0,286.0,352.0,262.0,,,,210.0,169.0,395.0,474.0,546.0,293.0,228.0,609.0,623.0,997.0,1101.0,781.0,853.0,1006.0,1101.0,595.0,596.0,590.0,585.0,621.0,,,,671.0,732.0,627.0,650.0,684.0,770.0,844.0
250,327.0,333.0,160.0,155.0,368.0,288.0,261.0,255.0,316.0,343.0,299.0,359.0,269.0,,,,216.0,172.0,399.0,479.0,550.0,296.0,226.0,601.0,621.0,1011.0,1101.0,779.0,869.0,1005.0,1101.0,590.0,589.0,586.0,578.0,619.0,,,,666.0,727.0,623.0,652.0,690.0,768.0,860.0
251,330.0,347.0,152.0,142.0,374.0,294.0,236.0,224.0,318.0,347.0,304.0,367.0,277.0,,,,223.0,178.0,410.0,493.0,551.0,301.0,224.0,604.0,619.0,1001.0,1101.0,783.0,875.0,1002.0,1101.0,592.0,592.0,585.0,583.0,616.0,,,,664.0,724.0,626.0,659.0,695.0,764.0,859.0
252,330.0,347.0,152.0,142.0,374.0,294.0,236.0,224.0,318.0,348.0,304.0,368.0,277.0,,,,223.0,179.0,410.0,493.0,551.0,301.0,224.0,604.0,619.0,1001.0,1101.0,783.0,875.0,1002.0,1101.0,592.0,592.0,585.0,583.0,616.0,,,,664.0,724.0,626.0,659.0,695.0,764.0,859.0
253,330.0,347.0,152.0,142.0,374.0,294.0,236.0,224.0,318.0,347.0,304.0,367.0,277.0,,,,223.0,179.0,410.0,493.0,551.0,301.0,224.0,604.0,619.0,1001.0,1101.0,783.0,875.0,1002.0,1101.0,592.0,592.0,585.0,583.0,616.0,,,,664.0,724.0,626.0,659.0,695.0,764.0,859.0
254,327.0,353.0,146.0,124.0,375.0,294.0,222.0,217.0,317.0,344.0,307.0,369.0,282.0,,,,225.0,185.0,417.0,497.0,554.0,302.0,223.0,601.0,616.0,994.0,1101.0,784.0,881.0,1004.0,1101.0,588.0,591.0,581.0,584.0,611.0,,,,657.0,718.0,627.0,665.0,696.0,763.0,860.0
255,327.0,353.0,146.0,124.0,375.0,294.0,222.0,217.0,317.0,344.0,307.0,369.0,282.0,,,,225.0,185.0,417.0,497.0,554.0,302.0,223.0,601.0,616.0,994.0,1101.0,784.0,881.0,1004.0,1101.0,588.0,591.0,581.0,584.0,611.0,,,,657.0,718.0,627.0,666.0,696.0,763.0,860.0
256,336.0,358.0,134.0,377.0,297.0,213.0,200.0,324.0,353.0,314.0,380.0,,288.0,,,,228.0,192.0,426.0,510.0,560.0,304.0,224.0,601.0,617.0,985.0,783.0,880.0,995.0,1101.0,587.0,590.0,574.0,580.0,,609.0,,,,654.0,710.0,627.0,675.0,706.0,760.0,857.0
